 #,Song,Artist,BPM,Camelot,Energy,Added At,Duration,Popularity,Genres,Parent Genres,Album,Album Date,Dance,Acoustic,Instrumental,Valence,Speech,Live,Loud (Db),Key,Time Signature,Spotify Track Id,Label,ISRC
1,"Rosyln","Bon Iver, St. Vincent",160,3A,28,2021-11-12,04:49,58,"art pop","","The Twilight Saga: New Moon (Original Motion Picture Soundtrack)",2009-10-16,33,97,2,12,0,10,-13,A#/B♭ minor,3,7qYjSobU0Jaz32lrIe853P,"Chop Shop/Atlantic",USAT20903243
2,"I Love You So","The Walters",76,6B,65,2021-11-12,02:40,87,"","","I Love You So",2014-11-28,57,58,0,47,0,10,-5,A#/B♭,4,4SqWKzw0CbA05TGszDgMlc,"Warner Records",TCACC1438995
3,"Ophelia","The Lumineers",76,7B,57,2021-11-12,02:40,5,"folk pop, indie folk","","Cleopatra",2016-04-08,66,61,0,57,0,0,-7,F,4,5NORWMFC27ywGSZxi8uquP,"Decca (UMO)",USDMG1673802
4,"Electric Love","BØRNS",120,11A,80,2021-11-12,03:38,80,"","","Dopamine",2015-10-16,61,1,0,52,0,20,-8,F#/G♭ minor,4,2GiJYvgVaD2HtM8GqD9EgQ,"UMGRI Interscope",USUM71416307
5,"exile (feat. Bon Iver)","Taylor Swift, Bon Iver",76,2B,38,2021-11-12,04:45,80,"","","folklore",2020-07-24,30,78,0,15,0,10,-8,F#/G♭,4,4pvb0WLRcMtbPGmtejJJ6y,"Taylor Swift",USUG12002838
6,"Je te laisserai des mots","Patrick Watson",133,10B,19,2021-11-12,02:40,6,"","","Je te laisserai des mots",2010-09-10,30,99,50,21,0,10,-17,D,4,0V5cvmTKsYmF5FmGGEAfmS,"Secret City Records",CA0RZ1000020
7,"California Dreamin' - Single Version","The Mamas & The Papas",112,12A,61,2021-11-12,02:42,81,"folk rock","","If You Can Believe Your Eyes & Ears",1966-03,55,35,0,64,0,0,-10,C♯/D♭ minor,4,4s6LhHAV5SEsOV0lC2tjvJ,"Geffen*",USMC16532697
8,"I Like Me Better","Lauv",92,11B,51,2021-11-12,03:17,3,"","","I met you when I was 18. (the playlist)",2018-05-31,75,54,0,42,20,10,-8,A,4,2P91MQbaiQOfbiz9VqhqKQ,"Lauv",GBWWP1702907
9,"Skinny Love","Bon Iver",76,9A,26,2021-11-12,03:58,75,"","","For Emma, Forever Ago",2008-02-19,59,85,0,11,0,10,-14,E minor,4,3B3eOgLJSqPEA0RfboIQVM,"Jagjaguwar",US38Y0811503
10,"Bring Me Back","Joe Jenneman",142,8B,30,2024-01-10,02:45,38,"","","Bring Me Back",2023-12-01,66,36,0,49,0,10,-8,C,4,4nvNMMV4CB861GQNPdvR0Z,"Joe Jenneman",QZTBF2311462
11,"The Villain","Joe Jenneman",70,12B,41,2024-06-08,03:41,29,"","","The Villain",2024-06-07,56,77,0,50,0,10,-6,E,4,53sP1SMcubKnWw3OwzFJG9,"Willow The Dog",USME32400054
12,"Mind Over Matter (Reprise)","Young the Giant",152,8B,49,2021-11-13,03:50,75,"","","Mirrorball / Mind Over Matter (Reprise)",2015-04-18,39,23,0,30,0,10,-6,C,4,77KnJc8o5G1eKVwX5ywMeZ,"Fueled By Ramen",USAT21405325
13,"Sofia","Clairo",113,8B,62,2021-11-13,03:08,9,"bedroom pop","","Immunity",2019-08-02,74,60,0,64,0,20,-10,C,4,7B3z0ySL9Rr0XvZEAjWZzM,"FADER Label",US4HB1900086
14,"Dark Red","Steve Lacy",172,2B,78,2021-11-19,02:53,4,"","","Dark Red",2017-02-20,60,45,0,78,0,10,-4,F#/G♭,4,37y7iDayfwm3WXn5BiAoRk,"Three Quarter",GBKPL1778015
15,"The Wisp Sings","Winter Aid",115,12B,9,2021-11-21,05:13,0,"","","The Wisp Sings",2013-11-11,52,99,18,5,0,10,-19,E,4,68RI4I6SKm57SxjG06OYvN,"Bluestack Records",IEJIQ1300001
16,"Anchor","Novo Amor",117,11B,41,2021-11-21,04:17,81,"ambient folk","","Bathing Beach",2017-05-26,46,81,88,13,0,10,-11,A,4,7qH9Z4dJEN0l9bidizW7fq,"AllPoints",TCACI1562836
17,"Sparks","Coldplay",103,3B,27,2021-11-21,03:47,91,"","","Parachutes",2000-07-10,37,75,5,17,0,10,-11,C♯/D♭,3,7D0RhFcb3CrfPuTJ0obrod,"Parlophone UK",GBAYE0000569
18,"Runaway","AURORA",114,1B,30,2021-11-21,04:08,79,"norwegian pop, art pop","","All My Demons Greeting Me As A Friend (Deluxe)",2016-03-11,42,63,0,12,0,10,-9,B,4,1v1oIWf2Xgh54kIWuKsDf6,"Decca (UMO)",GBUM71500527
19,"Mystery of Love","Sufjan Stevens",132,9A,27,2021-11-21,04:08,64,"baroque pop","","Call Me by Your Name (Original Motion Picture Soundtrack)",2017-11-03,37,94,43,24,0,10,-17,E minor,5,0MNNKSUU9OOQ8DSGWduw79,"Madison Gate Records",US64G1737302
20,"Heartbeats","José González",88,5B,15,2021-11-21,02:40,0,"indie folk","","Veneer",2003-07-02,55,97,74,31,0,0,-17,D#/E♭,4,11X4Gw3T4hoktVruLgTnm1,"Imperial",SEVVX0300201
21,"Give Me Love","Ed Sheeran",116,3B,33,2022-01-08,08:46,70,"soft pop","","+",2011-09-09,53,69,0,11,0,10,-10,C♯/D♭,4,0SuG9kyzGRpDqrCWtgD6Lq,"Atlantic Records UK",GBAHS1100209
22,"Pale Blue Eyes","The Velvet Underground",83,7B,11,2022-01-11,05:39,65,"proto-punk, art rock","","The Velvet Underground (45th Anniversary)",1969-00-00,64,91,0,30,0,10,-19,F,4,11VwZwNF29HrqwalYUMitb,"Polydor",USPR36909016
23,"Moi c'est","Camélia Jordana",135,11A,41,2022-01-28,02:50,55,"french pop, chanson, french jazz, variété française","","Camelia Jordana",2010-03-24,86,76,9,80,0,0,-10,F#/G♭ minor,4,0cgWTzGYVUWELohSykTxrb,"Jive Epic",FRZ081000036
24,"La Seine - Extrait de la bande originale un monstre à Paris","Vanessa Paradis, -M-",113,7A,67,2022-02-17,02:47,65,"variété française, chanson, french pop, french house","","Best Of & Variations",2019-11-29,74,43,0,40,0,10,-8,D minor,4,4B6XjmOWI55np7y4MUTXDu,"Universal Music Division Barclay",FR86U1100001
25,"Already Falling","Puma Blue",115,5B,11,2022-02-17,04:15,40,"bedroom pop","","In Praise Of Shadows",2021-02-05,80,35,0,24,10,10,-15,D#/E♭,4,54xCHls6J8UHf6tLw7q4wc,"Blue Flowers Music",GBPVV2003194
26,"Falling In Love","Cigarettes After Sex",141,9B,27,2022-02-17,04:05,48,"dream pop","","Cry",2019-10-25,48,72,2,36,0,10,-12,G,4,0O0bttAxJKKWqAqY2Nq4mC,"Partisan Records",USBQU1900119
27,"Opiate","Puma Blue",105,3A,34,2022-02-27,02:31,42,"bedroom pop","","In Praise Of Shadows",2021-02-05,87,51,0,38,0,20,-9,A#/B♭ minor,4,6X4PNtfFJBOAkqUudR6ItT,"Blue Flowers Music",GBPVV2003200
28,"Soft Porn","Puma Blue",88,3A,22,2022-02-27,02:31,0,"bedroom pop","","Soft Porn",2017-05-24,67,38,1,13,10,0,-10,A#/B♭ minor,4,72e6JJBQ6kiFVjLyGuxIBT,"Inner City Float",GBKPL1781208
29,"Fourth of July","Sufjan Stevens",120,11A,10,2022-02-27,04:39,80,"baroque pop","","Carrie & Lowell",2015-03-31,44,97,33,16,0,10,-22,F#/G♭ minor,4,5Qnrgqy1pAm9GyNQOgyVFz,"Asthmatic Kitty",US64G1509906
30,"In a Mood","TheSecondSex",144,8B,29,2022-03-01,04:07,46,"bedroom pop","","In a Mood",2017-10-21,76,53,73,60,0,10,-19,C,4,6wlE3bzVQqcCKjT0NfyI34,"TheSecondSex",QZANL1787982
31,"Noche Oscura","Feng Suave",132,10A,21,2022-03-01,04:45,43,"bedroom pop","","Feng Suave",2017-10-04,52,80,1,29,0,10,-14,B minor,4,0ZvWdGaWqnPs99z1Xso8YG,"Feng Suave",NLU7R1700004
32,"Apocalypse","Cigarettes After Sex",94,7B,47,2022-03-04,04:50,11,"dream pop","","Cigarettes After Sex",2017-06-09,37,2,57,18,0,10,-9,F,4,0yc6Gst2xkRu0eMLeRMGCX,"Partisan Records",USBQU1700034
33,"Stay Alive - From  The Secret Life of Walter Mitty  Soundtrack","José González",130,2B,31,2022-03-05,04:26,70,"indie folk","","Stay Alive (From The Secret Life Of Walter Mitty)",2013-01-01,71,73,17,31,0,0,-12,F#/G♭,4,0ZNYGrmcehorhh9JOeg5Iv,"The Secret Life of Walter Mitty",USFM91300095
34,"Crosses","José González",135,10A,37,2022-03-05,02:41,0,"indie folk","","Veneer",2003-07-02,67,90,3,32,0,10,-10,B minor,4,2bdh8ALxBeuvpnuoh37BDn,"Imperial",SEVVX0300101
35,"Doin' Time","Lana Del Rey",145,6A,56,2022-03-08,03:22,79,"","","Norman Fucking Rockwell!",2019-08-30,64,40,0,52,0,0,-11,G minor,4,0Oqc0kKFsQ6MhFOLBNZIGX,"Polydor Records",GBUM71903894
36,"In Luv With U","Finn",105,6B,60,2022-03-13,04:33,49,"","","In Luv With U",2017-08-17,57,80,17,20,0,30,-10,A#/B♭,3,40XwcZVS7Oh7VvBuOWrgkk,"Arista Records",USHM81724377
37,"Drift Away Omnichord","Trillian",138,6A,20,2022-03-23,03:13,60,"","","Drift Away Omnichord",2021-08-13,19,77,7,17,0,10,-13,G minor,5,7ouhxQWHDAu325U6pEhT1f,"The No Label Label",QZK6G2181784
38,"Fine Line","Harry Styles",121,10B,35,2022-03-27,06:17,80,"","","Fine Line",2019-12-13,31,17,0,5,0,0,-9,D,4,6VzcQuzTNTMFnJ6rBSaLH9,"Columbia",USSM11912596
39,"Always Forever","Cults",163,4B,74,2022-03-27,03:43,80,"","","Static",2013-10-15,17,0,28,36,0,20,-6,G#/A♭,4,2enPRFda84VE2wtI8c86Uf,"Columbia",USSM11303912
40,"Lust","Puma Blue",119,11A,23,2022-03-27,04:22,0,"bedroom pop","","Lust",2018-10-29,64,89,60,14,0,10,-15,F#/G♭ minor,4,2b6VK3Re0nON3sLFLK1qQa,"Blue Flowers Music",UKGUH1801103
41,"Eventually","Tame Impala",78,8A,62,2022-04-03,05:18,80,"neo-psychedelic, indie","Rock","Currents",2015-07-17,42,2,0,16,0,0,-6,A minor,4,5M4yti0QxgqJieUYaEXcpw,"Universal Music Australia Pty. Ltd.",AUUM71500296
42,"State Lines","Novo Amor",137,11B,31,2022-04-06,03:28,75,"ambient folk","","Birthplace",2018-10-19,51,96,23,15,0,10,-11,A,3,7CoMBpPTwQi2wPT0U0Nr9b,"AllPoints",GB45A1800990
43,"Treehouse","Alex G, Emily Yacina",73,6A,20,2022-04-06,02:38,78,"lo-fi indie","","Treehouse",2011-01-17,61,71,32,14,0,10,-19,G minor,4,7fyG2MquxykO3Ufiku1Dj2,"Alex G & Emily Yacina",TCAFZ2296401
44,"Albert Camus","Tom Rosenthal",80,11B,56,2022-04-06,03:20,43,"","","Albert Camus",2020-06-19,65,23,0,59,0,10,-6,A,4,4ngMatPdF3yQ51G4UKwx9M,"Camus",GBVHN2000006
45,"Atlantis","Seafret",166,1A,48,2022-04-06,03:49,81,"","","Tell Me It's Real (Expanded Edition)",2016-01-29,40,5,0,21,0,10,-8,G#/A♭ minor,4,1Fid2jjqsHViMX6xNH70hE,"Sweet Jane Recordings",GBARL1500316
46,"Motion Sickness","Phoebe Bridgers",107,3B,55,2022-04-06,03:49,76,"","","Stranger in the Alps",2017-09-22,65,77,4,62,0,0,-9,C♯/D♭,4,5xo8RrjJ9CVNrtRg2S3B1R,"Dead Oceans",USJ5G1714202
47,"Blondie","Current Joys",122,2B,63,2022-04-06,03:14,2,"lo-fi indie","","Wild Heart",2013-01-02,78,62,90,87,0,0,-13,F#/G♭,4,7sIx70dGj3VBiHWr0KZXfD,"Current Joys",TCACS1661024
48,"Choking on Flowers","Fox Academy",84,12A,59,2022-04-06,03:28,56,"lo-fi indie","","Elsie",2015-07-15,18,97,91,28,0,10,-12,C♯/D♭ minor,4,6hzEumHWNUVB0VWobDBT6x,"Fox Academy and Many Hats Distribution",TCACH1523562
49,"Beach Baby","Bon Iver",114,8B,8,2022-04-14,02:40,70,"","","Blood Bank",2009-01-20,67,98,41,9,0,10,-17,C,3,2LXtyj95dK56ENS1QLt4IB,"Jagjaguwar",US38Y0913402
50,"My Kind Of Woman","Mac DeMarco",92,11B,77,2022-04-15,03:10,0,"indie, lo-fi indie","","2",2013-08-09,50,0,62,45,0,10,-7,A,4,4tXzPOr4UaBoA7k7pnpJI1,"Spunk",QMMZN1200053
51,"Astronomy","Conan Gray",145,9A,34,2022-04-15,04:03,60,"","","Astronomy",2021-05-07,47,59,0,11,0,30,-9,E minor,3,0KmgJyW4GDgonqsoyx0CZ3,"Republic Records",USUM72106337
52,"Where's My Love - Acoustic","SYML",104,5B,23,2022-04-15,03:59,74,"","","Where's My Love",2017-07-07,55,89,3,22,0,10,-11,D#/E♭,4,0ElpbbncWT9aS7mgoqEHbQ,"Nettwerk Music Group",CAN111600624
53,"Vanilla Baby","Billie Marten",116,9A,8,2022-04-20,04:15,53,"","","Feeding Seahorses by Hand",2019-04-26,43,93,0,18,0,10,-20,E minor,4,0jsXpJsdXhnwnwnCLKjYLF,"Chess Club/RCA Victor",GBARL1900007
54,"La Lune","Billie Marten",52,10B,34,2022-04-20,03:07,61,"","","Writing of Blues and Yellows (Deluxe Version)",2016-09-23,30,88,0,8,0,0,-12,D,4,0DwaOWI1kC2s98qLj0LTDd,"Chess Club/RCA Victor",GBARL1600328
55,"Cherub","Ball Park Music",128,4B,37,2022-04-21,05:28,36,"","","Cherub",2020-08-27,55,43,0,21,0,10,-9,G#/A♭,4,1byz2Dig9pILIfya2X1WGS,"Prawn Records",AUF302000008
56,"YKWIM?","Yot Club",124,11B,54,2022-04-25,03:32,78,"bedroom pop","","Bipolar",2019-05-31,37,94,87,23,0,20,-8,A,3,2vWBUC9djv6BtiGlmKiQaH,"Yot Club under exclusive license to Amuseio AB",CAGOO1966522
57,"Love Story","Indila",96,3A,26,2022-04-30,05:16,80,"french pop","","Mini World",2014-01-01,38,82,0,33,0,0,-12,A#/B♭ minor,3,6nGeLlakfzlBcFdZXteDq7,"Universal Music Division Polydor France",FRUM71400048
58,"Repeat Until Death","Novo Amor",144,3B,15,2022-05-05,03:54,72,"ambient folk","","Birthplace",2018-10-19,23,98,36,9,0,10,-12,C♯/D♭,3,5PzWVmfzu7rePAuFkxPQf0,"AllPoints",GB45A1801029
59,"Nude","Radiohead",128,12B,34,2022-05-10,04:15,75,"art rock, alternative rock","","In Rainbows",2007-12-28,52,83,58,17,0,0,-10,E,3,35YyxFpE0ZTOoqFx5bADW8,"XL Recordings",GBSTK0700003
60,"Good Looking","Suki Waterhouse",150,12B,56,2022-05-16,03:34,0,"","","Good Looking",2017-10-20,36,8,0,27,0,10,-9,E,3,5ZjV4yevHO1QhMw8AjyQbZ,"This Rough Magic",QZ9Y21712533
61,"Yebba’s Heartbreak","Drake, Yebba",120,1A,16,2022-05-18,02:13,81,"rap","","Certified Lover Boy",2021-09-03,48,97,4,9,0,10,-12,G#/A♭ minor,4,1PDP7mLiAMwhfmgIwzhOm2,"OVO",USUG12104407
62,"Halley's Comet","Billie Eilish",72,12A,16,2022-05-19,03:54,78,"","","Happier Than Ever",2021-07-30,40,96,1,4,10,30,-17,C♯/D♭ minor,4,5XsAal7ZcWg1I5T4NcRjkv,"Darkroom/Interscope Records",USUM72105930
63,"Bubble Gum","Clairo",208,11B,2,2022-05-19,02:55,74,"bedroom pop","","Bubble Gum",2019-02-22,51,98,0,23,10,30,-25,A,3,3zksbXteOCeSusJ5Xltr3t,"Independent",QMEZE1907824
64,"i was all over her","salvia palth",105,9B,35,2022-05-19,02:41,2,"slowcore, lo-fi indie","","melanchole",2014-07-01,53,79,85,6,0,10,-13,G,4,7svpAkwc6xaSxlbZ7V7JiS,"black wooden",GBSMU1456120
65,"Nothing","Bruno Major",140,10B,27,2022-05-19,02:42,1,"","","To Let A Good Thing Die",2020-06-05,56,93,54,27,0,10,-16,D,3,2IAR0DziHCjSu16gR4ihvy,"Bruno Major",GBKPL1962806
66,"Only","RY X",83,6A,18,2022-05-19,04:28,0,"indie folk","","Dawn",2016-05-06,29,90,53,9,0,10,-16,G minor,3,1hrar0wbUsvgSUpUXR5Wq0,"Infectious Music",GB5KW1600081
67,"The Night We Met","Lord Huron",174,11B,37,2022-05-19,03:28,70,"","","Strange Trails",2015-04-06,45,97,27,10,0,60,-10,A,3,3hRV0jL3vUpRrcy398teAU,"Play It Again Sam",US53Q1200103
68,"Mrs Magic","Strawberry Guy",133,4B,63,2022-05-19,03:28,81,"bedroom pop","","Mrs Magic",2019-07-24,47,16,37,37,0,30,-7,G#/A♭,4,0TZejo18HlJ86OrWNsXKnw,"Melodic",GBJGV1900102
69,"chance with you","mehro",144,9A,49,2022-05-19,03:35,66,"","","SKY ON FIRE",2021-03-25,56,86,3,38,0,10,-8,E minor,4,7qFtcljd0PZ5kJZos70YjT,"Heroine Music Group LLC",USANG2115040
70,"Euphor","Novo Amor, Lowswimmer",115,3A,28,2022-05-19,04:03,66,"ambient folk","","Heiress",2017-11-10,30,97,19,9,0,10,-14,A#/B♭ minor,4,4CiqKccFFYGmFPz7HVTjfW,"AllPoints",GB45A1700558
71,"A Soulmate Who Wasn’t Meant to Be","Jess Benko",124,8A,3,2022-05-19,05:16,60,"","","Do You Love Me, or Are You Just Lonely?",2019-07-19,57,95,0,9,0,30,-20,A minor,3,0gOz9JUXsaKVzLTSmFDtdo,"Jess Benko",QZFZ31954857
72,"Vas","jagger finn",71,8B,42,2022-05-19,01:30,66,"","","Triplbt Theme",2019-08-28,51,92,85,42,0,10,-11,C,4,6S7o12almFeL57rbRvdY5l,"oakjoi",QZHN31945778
73,"The Moon Song","beabadoobee, Oscar Lang",94,8B,9,2022-05-19,02:21,61,"bedroom pop","","The Moon Song",2017-11-06,41,97,1,15,0,10,-15,C,4,3s9eWdn8IymCPvVLcKpjww,"Dirty Hit",GBK3W1900970
74,"Ontario","Novo Amor, Lowswimmer",90,6B,22,2022-05-19,03:12,67,"ambient folk","","Heiress",2017-11-10,41,95,1,17,0,0,-14,A#/B♭,4,1XZPtZVqcOzzxbYIR7MjQw,"AllPoints",GB45A1700564
75,"Turning Page","Sydney Rose",109,10B,2,2022-05-19,03:38,58,"","","Turning Page",2020-09-30,40,96,0,11,0,10,-21,D,4,2QFyOnJfJ49OnNgMvKXvTM,"Sydney Rose and Many Hats Distribution",QZMEM2029644
76,"To Be This High","Joe Jenneman",157,5B,48,2024-04-06,02:50,33,"","","To Be This High",2024-03-22,51,83,0,30,0,10,-9,D#/E♭,3,69HtIh3rYIoeP8AHtvapJF,"Joe Jenneman",QZES82495182
77,"Fall in Love with You.","Montell Fish",121,12B,2,2022-05-19,02:12,63,"Christian lo-fi","","Fall in Love with You.",2021-11-05,54,92,2,10,0,10,-23,E,3,2JAiwcWRLIRI4uiroJ86U7,"Lord’s Child, LLC",QZNWR2164926
78,"Coffee Cups and Cigarettes","Tomo",132,4B,6,2022-05-19,03:27,0,"","","Coffee Cups and Cigarettes",2020-09-25,46,100,80,15,0,10,-14,G#/A♭,4,27rlIFzVI6vn4zj4GeiTI8,"FRTYFVE",QZK6K2088357
79,"Forever & Always","Zeph",155,1A,10,2022-05-19,04:09,0,"","","Forever & Always",2018-12-26,50,99,92,36,0,10,-24,G#/A♭ minor,4,2keT649m2xIywngAVJHsuC,"1085985 Records DK",QZ4JJ1844025
80,"The Gold - Phoebe Bridgers Version","Manchester Orchestra, Phoebe Bridgers",158,6B,40,2022-05-19,03:53,71,"","","The Gold (Phoebe Bridgers Version)",2018-07-13,30,82,0,30,0,10,-12,A#/B♭,3,7qcXUzPwoxSBFxjTbNrV0B,"Dead Oceans",USJ5G1818101
81,"Sleep Apnea","Beach Fossils",80,10B,69,2022-05-19,02:26,53,"dream pop, surf rock, shoegaze","","Clash the Truth",2013-02-19,55,14,86,49,0,10,-11,D,4,6XyjwF7CAwuEaW77noJr6I,"Bayonet Records",QMMZN1300102
82,"Lost With You","Patrick Watson",77,9A,16,2022-05-19,02:55,0,"","","Lost With You",2020-10-30,37,98,1,32,0,0,-17,E minor,4,4ZJXI6GhniCI0kSuin51lF,"Secret City Records",CA0RZ2000151
83,"Present Tense","Radiohead",92,12A,41,2022-05-19,05:06,61,"art rock, alternative rock","","A Moon Shaped Pool",2016-05-08,46,91,40,34,0,10,-12,C♯/D♭ minor,4,7KHQtpLpoIV3Wfu22YQT8y,"XL Recordings",GBBKS1600079
84,"Until I Found You","Stephen Sanchez",101,6B,51,2022-05-22,02:57,79,"","","Until I Found You",2021-09-01,54,73,0,23,0,10,-6,A#/B♭,3,0T5iIrXA4p5GsubkhuBIKV,"Republic Records",USUG12103651
85,"Pick and Choose","Daniel Nunnelee",66,6B,27,2022-05-22,02:43,0,"","","Pick and Choose",2022-02-04,63,86,0,29,0,10,-8,A#/B♭,4,7yTeopUxZZrDc31m6AfwWo,"Daniel Nunnelee",QZ93L2201612
86,"Lovers Rock","TV Girl",105,4A,87,2022-05-24,03:33,1,"","","French Exit",2014-06-05,56,0,1,57,0,10,-5,F minor,4,1H7zdcRD0gLGQY0w5ejGgX,"TV Girl",ushm21438143
87,"El Invento","José González",79,11B,37,2022-05-26,02:33,0,"indie folk","","Local Valley",2021-09-17,58,95,7,38,0,10,-12,A,4,6d38ByE8Ee1uHeDz4JJNJW,"City Slang",SEVVX2100101
88,"No Surprises","Radiohead",76,7B,39,2022-05-27,03:49,87,"art rock, alternative rock","","OK Computer",1997-05-28,26,6,0,12,0,10,-11,F,4,10nyNJ6zNy2YVYLrcwLccB,"XL Recordings",GBAYE9700386
89,"Brazil","Declan McKenna",121,12B,62,2022-05-28,04:12,82,"","","What Do You Think About the Car?",2017-04-21,69,9,0,67,0,0,-5,E,4,4sNG6zQBmtq7M8aeeKJRMQ,"Columbia",GBARL1500856
90,"Show Me How","Men I Trust",166,7B,27,2022-06-07,03:35,2,"bedroom pop, indie pop","","Show Me How",2018-02-28,79,67,53,54,0,10,-12,F,4,01TyFEZu6mHbffsVfxgrFn,"Indie",TCADM1873570
91,"Blue Hippo","Maya Hawke",107,6B,45,2022-06-11,03:19,2,"","","Blue Hippo",2021-12-07,69,94,12,35,0,10,-10,A#/B♭,4,1kKHlRNEXpIkYARjFXGmnm,"Mom+Pop",USQE92100315
92,"Chateau (Feel Alright)","Djo",135,9B,37,2022-06-11,04:32,0,"","","Twenty Twenty",2019-09-13,64,43,0,35,0,30,-12,G,4,41mclLjggl2nmbYpRisKrh,"Djo",GBKPL1959342
93,"Sunrise","Norah Jones",157,4B,30,2022-06-13,03:20,74,"jazz pop","","Feels Like Home",2004-01-01,53,94,10,68,0,10,-14,G#/A♭,4,7zkLpY72g6lKQbiHDqri1S,"Blue Note Records",USBN20300893
94,"Bloom (Online Bonus Track)","The Paper Kites",96,3B,42,2022-06-17,03:29,62,"indie folk","","Woodland",2011-07-01,58,89,0,43,0,10,-10,C♯/D♭,4,44alNkXsYnTyPnkMdohBcx,"The Paper Kites",TCAAZ1171906
95,"Paint","The Paper Kites",77,12B,30,2022-06-17,03:11,54,"indie folk","","Young North",2012-09-07,55,89,0,40,0,10,-13,E,4,5Ewz5ms8XpjtkihWFLnJJs,"The Paper Kites",TCABI1236519
96,"I, Nietzsche - acoustic","Fenne Lily",171,4B,27,2022-06-17,02:34,0,"","","I, Nietzsche (acoustic)",2021-07-21,58,62,0,85,0,10,-14,G#/A♭,4,6MlkAE5cSjfgOch8zc2eK5,"Dead Oceans",USJ5G2127602
97,"<restart>","Oscar Lang",134,10A,16,2022-06-17,03:55,40,"bedroom pop","","To Whom It May Concern",2018-08-17,61,95,14,10,0,40,-17,B minor,4,3r5sGhdmixgbeYpVnoXPXn,"Dirty Hit",GBK3W1901030
98,"In My Room","Chance Peña",134,12B,34,2022-06-20,02:57,0,"","","In My Room",2022-05-06,41,52,0,10,0,0,-14,E,3,3SM7uIYEz3v3BGy9RHp7oU,"Chance Peña",QZHN62258348
99,"Light Years","Duster",160,8B,41,2022-06-22,03:38,47,"slowcore, shoegaze","","Capsule Losing Contact",2019-03-22,23,82,89,5,0,10,-16,C,1,5KYUVIEv6s9e1OLXo7unvU,"Numero Group",USCW61921007
100,"Lift","Radiohead",157,12B,55,2022-06-25,04:06,62,"art rock, alternative rock","","OK Computer OKNOTOK 1997 2017",2017-06-23,31,0,84,16,0,10,-8,E,4,7xztI3ccyUdEYqKYABkMQM,"XL Recordings",GBBKS1700121
101,"Places We Won't Walk","Bruno Major",88,6A,9,2022-06-27,02:49,0,"","","A Song For Every Moon",2017-08-31,39,97,0,19,0,10,-16,G minor,3,30QNjcM3Q1GnLFIIJjWQL1,"Bruno Major",GBKPL1782820
102,"simple shapes","slenderbodies",89,3B,58,2022-06-27,02:48,0,"","","simple shapes",2022-06-10,52,51,0,43,0,10,-10,C♯/D♭,4,4yPZ09J6qrvUkIXziiIPxx,"slenderbodies",QZN882218018
103,"Ava","Famy",156,8B,73,2022-07-03,04:00,55,"","","Teen Wolf (Original Television Soundtrack)",2017-09-15,42,7,0,40,0,0,-7,C,4,2uJ6iDuyoWXtMa0KvebF4C,"Masterworks",USQX91701534
104,"Happiness is a butterfly","Lana Del Rey",70,10B,12,2022-07-03,04:32,74,"","","Norman Fucking Rockwell!",2019-08-30,47,97,0,16,0,10,-11,D,4,3lG6OtGDsYAOALxEmubQQm,"Polydor Records",GBUM71903150
105,"Unrequited Love (& other clichés)","Breakup Shoes",81,12B,47,2022-07-03,04:46,50,"","","Unrequited Love (& other clichés)",2018-03-01,39,29,3,25,0,0,-10,E,3,1K0AENxzuLi4M420wUlvPT,"Breakup Shoes",SEYOK1809948
106,"When You Wash Your Hair","Matt Maltese",91,8B,5,2022-07-11,03:12,48,"","","Krystal",2020-11-20,40,98,0,6,0,10,-17,C,4,5TFGStvx07PrdqAwCqcfk1,"Nettwerk Music Group",QMBZ91908411
107,"Booster Seat","Spacey Jane",112,1B,55,2022-07-26,04:28,1,"surf rock","","Sunlight",2020-06-12,63,4,0,70,0,10,-5,B,4,5th1bFGGaXLM7wDBJpcF06,"Spacey Jane",GBWWP2005732
108,"Ataraxia","Novo Amor",120,10B,18,2022-07-26,03:19,42,"ambient folk","","You Are Here / Ataraxia",2022-07-22,42,98,92,25,0,10,-21,D,4,0HICmyLJANMaAjSMSqEZUj,"AllPoints",GB45A2202844
109,"Mascara","Deftones",78,4A,45,2022-07-28,03:45,76,"nu metal, alternative metal, rap metal, shoegaze, rock","","Around the Fur",1997-10-27,47,0,6,5,0,0,-7,F minor,4,4cLdpErILMO8Db8pQVAVcZ,"Maverick",USMV29700144
110,"When My Life Is Over","Banes World",143,11B,15,2022-08-03,02:20,0,"bedroom pop, lo-fi indie","","When My Life Is Over",2020-09-22,47,81,14,6,0,10,-20,A,4,4A83pTZrdDf37GMuSCEQTk,"Bane's World",QZK6G2079079
111,"Keep on Loving You","Cigarettes After Sex",73,7A,37,2022-08-25,03:53,1,"dream pop","","Affection",2015-01-01,45,53,96,12,0,10,-9,D minor,4,5VYBergVrUDcb8QyEg70cF,"Spanish Prayers",TCACJ1596832
112,"Silver Soul","Beach House",135,10B,67,2022-09-20,05:00,53,"dream pop","","Teen Dream",2010-01-30,37,48,0,13,0,20,-6,D,4,7IO6ISOUJ78F83mgAeOZmo,"Mistletone",AUVB01000002
113,"Video Games","Lana Del Rey",73,11A,25,2022-10-09,04:41,79,"","","Born To Die - The Paradise Edition",2012-01-01,24,81,0,18,0,0,-10,F#/G♭ minor,5,0fBSs3fRoh1yJcne77fdu9,"Polydor Records",GBUM71111621
114,"Until I Found You (with Em Beihold) - Em Beihold Version","Stephen Sanchez, Em Beihold",101,6B,55,2022-10-22,02:56,79,"","","Until I Found You (Em Beihold Version)",2022-04-22,55,78,0,34,0,20,-5,A#/B♭,3,1Y3LN4zO1Edc2EluIoSPJN,"Republic Records",USUG12202266
115,"Hey, Ma","Bon Iver",144,8B,29,2022-10-22,03:36,59,"","","i,i",2019-08-09,33,87,0,22,0,10,-11,C,4,0RstfX9nRY1Lfuy1808MoT,"Jagjaguwar",US38Y1935005
116,"O Children","Nick Cave & The Bad Seeds",122,9A,55,2022-10-28,06:51,1,"","","Abattoir Blues / The Lyre of Orpheus",2004-09-20,48,51,0,24,0,0,-7,E minor,4,29FQEJUtBAnxWEkux39d7I,"Mute, a BMG Company",GBAJH0401579
117,"The Other Woman","Lana Del Rey",112,6A,47,2022-10-28,03:01,44,"","","Ultraviolence",2014-01-01,26,82,25,18,0,30,-6,G minor,4,5dcvWtGNFV1W9orQxUrWfV,"Polydor Records",GBUM71402106
118,"Gilded Lily","Cults",62,10A,57,2022-10-31,03:32,0,"","","Offering",2017-10-06,40,47,0,15,0,50,-7,B minor,4,1V27TTo9FI2sl8xzGr3sCg,"Sinderlyn",QM8QH1700573
119,"Would That I","Hozier",131,7B,53,2022-11-03,04:28,75,"","","Wasteland, Baby!",2019-03-01,52,24,1,50,0,10,-6,F,4,37zuIvk4KBkAxxLJsxJaHq,"Columbia",USSM11809035
120,"West Coast","Lana Del Rey",123,11A,59,2022-11-21,04:16,84,"","","Ultraviolence (Deluxe)",2014-01-01,53,19,2,46,0,0,-8,F#/G♭ minor,4,5Y6nVaayzitvsD5F7nr3DV,"Polydor Records",GBUM71402081
121,"Spooky","Dusty Springfield",106,9A,45,2022-12-01,02:44,71,"","","Dusty... Definitely (Expanded Edtion)",1968-11-22,75,50,0,96,0,0,-13,E minor,4,3MtP9T0WF4xbIo8vqHYeXM,"UMC (Universal Music Catalogue)",GBF087000558
122,"Out Getting Ribs","King Krule",117,10B,40,2022-12-13,04:16,65,"","","6 Feet Beneath the Moon",2013-08-24,51,62,0,8,0,30,-10,D,4,41fXeYArdTRuSDO4C3Nabg,"XL Recordings",GBBKS1300101
123,"Diet Mountain Dew","Lana Del Rey",88,3A,70,2022-12-27,03:42,79,"","","Born To Die - The Paradise Edition",2012-01-01,60,28,0,53,0,40,-6,A#/B♭ minor,4,2vtmY2mSccRzKGjtcHSzI3,"Polydor Records",GBUM71111528
124,"Wash.","Bon Iver",163,8B,15,2023-01-16,04:58,72,"","","Bon Iver, Bon Iver",2011-06-21,31,99,26,33,0,0,-19,C,3,7rIhp6EWLNtM8qFIQruJPT,"Jagjaguwar",US38Y1113507
125,"Blue Hair","TV Girl",136,12B,72,2023-03-30,03:37,84,"","","Death of a Party Girl",2018-05-08,75,55,5,88,0,20,-6,E,4,39sDitIeCMrVX2QyXHY46t,"TV Girl",USDY41861506
126,"Stereotypes","The Boy from the South",118,1B,48,2023-04-17,02:48,28,"","","Stereotypes",2022-04-22,68,53,0,61,0,20,-6,B,4,3Q4zjvPKaxkGUo0MTdrbir,"Au! Records",QM4TX2262360
127,"Deceive Me So Easy","Edwin Raphael",77,8A,46,2023-07-04,03:58,4,"","","Warm Terracotta",2023-02-17,40,37,1,14,0,30,-11,A minor,4,1jCcfSHdXosT54e64GFRE1,"Dine Alone Records",CADE72201626
128,"Yards / Gardens","Kate Bollinger",108,6B,54,2023-08-07,02:21,50,"","","Look at it in the Light",2022-04-22,80,27,62,75,0,10,-8,A#/B♭,4,3PphHkiVdhRaO1EWH6ZWqZ,"Ghostly International",US2J72100201
129,"Hell N Back","Bakar",210,3A,68,2023-09-03,03:33,73,"","","Hell N Back",2019-08-15,63,31,0,73,50,10,-4,A#/B♭ minor,4,3NRql0A1Ef4RCvT473iqgD,"Black Butter",GBARL1900848
130,"Work Song","Hozier",121,6B,36,2023-09-03,03:49,79,"","","Hozier (Expanded Edition)",2014-09-19,53,75,0,26,0,10,-8,A#/B♭,4,5TgEJ62DOzBpGxZ7WRsrqb,"Columbia",USSM11401475
131,"Silver Springs - 2004 Remaster","Fleetwood Mac",179,8B,58,2023-09-03,04:48,83,"yacht rock, classic rock, soft rock","","Rumours (Super Deluxe)",1977-02-04,35,1,5,43,0,20,-8,C,4,4nZi6XNe36Ut4Nij3IQ1yC,"Rhino/Warner Records",USWB11301121
132,"Genesis","Grimes",166,3A,68,2023-09-05,04:15,75,"art pop","","Visions",2012-03-12,61,8,7,23,0,20,-7,A#/B♭ minor,4,0yljUudXzjVcGEoYmLB17X,"4AD",CA21O1200002
133,"New Person, Same Old Mistakes","Tame Impala",152,4B,81,2023-09-13,06:03,84,"neo-psychedelic, indie","Rock","Currents",2015-07-17,47,27,1,49,0,0,-7,G#/A♭,4,52ojopYMUzeNcudsoz7O9D,"Universal Music Australia Pty. Ltd.",AUUM71500302
134,"Sex, Drugs, Etc.","Beach Weather",144,9A,84,2023-09-24,03:16,75,"","","Chit Chat",2016-11-04,57,1,1,47,0,50,-5,E minor,4,7DbdUf8aHSYoliSjO6LZv6,"8123 / Arista Records",TCACS1642138
135,"Lady by the Sea","Stephen Sanchez",186,4B,50,2023-10-02,03:02,0,"","","Lady by the Sea",2020-07-07,44,28,0,52,0,10,-10,G#/A♭,3,4cnJNX9Ek3jKJYNsZxkk8i,"Stephen Sanchez",QZ93L2033205
136,"The Blonde","TV Girl",88,12A,55,2023-10-02,03:47,81,"","","French Exit",2014-06-05,50,23,91,23,0,20,-8,C♯/D♭ minor,4,72cGBEqu7RitIOoACXYjfR,"TV Girl",USHM21438141
137,"Welcome Home, Son","Radical Face",145,2B,49,2023-10-04,04:47,68,"indie folk","","Ghost",2007-03-02,59,72,79,40,0,10,-11,F#/G♭,3,6HTVZeVQ9J6Uiq6tHESxU9,"Bear Machine",DEX260606902
138,"Somebody That I Used To Know","Gotye, Kimbra",129,8B,50,2023-10-04,04:04,78,"","","Making Mirrors",2011-01-01,86,59,0,72,0,10,-7,C,4,4wCmqSrbyCgxEXROQE6vtV,"Samples & Seconds / Republic",AUZS21100040
139,"ceilings","Lizzy McAlpine",148,11B,32,2023-10-04,03:02,81,"","","five seconds flat",2022-04-08,52,47,0,26,0,20,-12,A,3,2L9N0zZnd37dwF0clgxMGI,"Harbour Artists & Music",GBKPL2280163
140,"Ends of the Earth","Lord Huron",121,12B,58,2023-10-04,04:44,1,"","","Lonesome Dreams (Bonus Track Version)",2012-10-09,55,27,4,41,0,20,-9,E,4,1KQsrNv2vEW7AXKTrFz0Ah,"Whispering Pines",US53Q1200031
141,"Big Black Car","Gregory Alan Isakov",110,5B,19,2023-10-04,03:37,74,"indie folk, folk, folk pop","","This Empty Northern Hemisphere",2009-01-01,60,91,0,47,0,10,-16,D#/E♭,4,3Kj2EWpIBnvETsYq4cq0IH,"Suitcase Town Music",uscgj0988301
142,"Lake Missoula","Richy Mitch & The Coal Miners",138,10A,25,2023-10-04,01:46,63,"","","RMCM",2017-05-17,45,91,23,25,0,10,-13,B minor,1,4x1dWc1GgAfC04GcTlllax,"Richy Mitch & The Coal Miners",SEYOK1731712
143,"invisible string","Taylor Swift",83,9A,45,2023-10-04,04:12,74,"","","folklore",2020-07-24,65,84,0,45,0,10,-11,E minor,4,6VsvKPJ4xjVNKpI8VVZ3SV,"Taylor Swift",USUG12002845
144,"Topanga Canyon","John Vincent III",89,4B,53,2023-10-04,01:24,50,"","","Songs from the Valley",2019-06-17,53,79,96,4,0,10,-13,G#/A♭,4,6CnI0qWDR9CSOkHSTNPmOc,"John Vincent III",FR2X41988856
145,"Martyr","Palace",137,1B,64,2023-10-12,04:08,53,"","","Life After",2019-07-12,30,28,2,12,0,20,-8,B,4,0WS9NiMKPr4K1eLKgkLQFe,"Fiction",GBUM71900510
146,"My Love Mine All Mine","Mitski",114,11B,31,2023-10-15,02:17,87,"","","The Land Is Inhospitable and So Are We",2023-09-15,50,87,14,12,0,10,-15,A,4,3vkCueOmm7xQDoJ17W1Pm3,"Dead Oceans",USJ5G2335007
147,"Tenenbaum","The Paper Kites",89,3B,18,2023-10-16,03:39,42,"indie folk","","States",2013-09-02,51,89,61,44,0,10,-18,C♯/D♭,4,6KXjVls7c18oAxdVFXvy8i,"Wonderlick",AUBM01300332
148,"Old Pine","Ben Howard",130,7B,36,2023-10-16,05:28,66,"indie folk, folk pop","","Every Kingdom",2011-01-01,40,45,5,22,0,10,-11,F,4,3CAX47TnPqTujLIQTw8nwI,"Universal-Island Records Ltd.",GBUM71106250
149,"White Winter Hymnal","Fleet Foxes",125,11A,50,2023-10-16,02:27,70,"indie folk, folk, indie","","Fleet Foxes",2008-06-03,63,44,0,68,0,20,-10,F#/G♭ minor,4,0GegHVxeozw3rdjte45Bfx,"Sub Pop Records",USSUB0877702
150,"Iris","The Goo Goo Dolls",156,10A,72,2023-10-19,04:49,94,"","","Dizzy up the Girl",1998-00-00,32,0,0,50,0,0,-8,B minor,3,6Qyc6fS4DsZjB2mRW9DsQs,"Warner Records",USWB19800160
151,"All Is Well","Hans Williams",78,10B,33,2023-10-22,02:30,53,"","","All Is Well",2022-02-02,68,83,0,19,0,10,-7,D,4,1wDSBJSCKxB8qZR6jnfqgt,"Tucker Hill Records",US7VG2219240
152,"Disturbed Sleep","Keyvan Safarzadeh",74,9A,19,2024-01-11,03:45,21,"","","The Narrator",2023-07-05,19,85,96,17,0,0,-15,E minor,1,7cBfvgprZq9RLnYNMKO33B,"Keyvan Safarzadeh",SE6SA2335728
153,"From Eden","Hozier",142,8B,67,2024-01-15,04:43,73,"","","Hozier (Expanded Edition)",2014-09-19,40,58,0,28,0,10,-6,C,5,5aRZk9oWIYUB5alrTs8TTV,"Columbia",USSM11405190
154,"There is no right answer","Siberian Giant",100,3A,14,2024-01-18,03:54,37,"","","There is no right answer",2020-11-14,44,93,2,4,0,10,-18,A#/B♭ minor,4,57iZtrnaaI5NWNfTaXhbHz,"Siberian Giant",SE6I32035733
155,"Manta Ray","Siberian Giant",105,3A,9,2024-01-18,03:12,31,"","","Manta Ray",2021-02-12,30,97,4,4,0,10,-20,A#/B♭ minor,3,2aUsmpQ0iGIdpfgOCZOAwh,"Siberian Giant",SE5BU2155462
156,"Jeane Prantt","Velvet Room",116,5B,64,2024-01-24,07:11,21,"","","Jeane Prantt",2023-03-17,26,61,0,31,0,20,-8,D#/E♭,3,48anUmqsPrPScfymWHQTcJ,"VELVET ROOM RECORDS",QZES82397917
157,"Meet Me In The Woods","Lord Huron",81,11A,93,2024-01-25,04:22,48,"","","Strange Trails",2015-04-06,54,39,45,60,0,0,-7,F#/G♭ minor,1,54hj06Z7sm7DaHSrGGMAZG,"Play It Again Sam",US53Q1200097
158,"Northern Attitude (with Hozier)","Noah Kahan, Hozier",122,5B,64,2024-02-04,04:27,70,"","","Northern Attitude (with Hozier)",2023-11-10,49,13,0,33,0,10,-8,D#/E♭,4,4oEf84vBYVftf6KmZexhVo,"Mercury Records/Republic Records",USUM72315552
159,"Oblivion","Grimes",156,10B,53,2024-02-04,04:11,72,"art pop","","Visions",2012-03-12,70,12,90,49,0,0,-9,D,4,4BY4V1T0RJK1HmD2Q0ClyK,"4AD",CA21O1200003
160,"Fool","Frankie Cosmos",120,11B,44,2024-02-17,02:04,71,"bedroom pop","","Next Thing",2016-04-01,51,30,0,34,0,20,-10,A,4,5Yx9t9RgATAtYoHN8gbRM0,"Bayonet Records",QM6YT1601003
161,"Evergreen","Richy Mitch & The Coal Miners",79,5B,22,2024-02-17,01:27,83,"","","RMCM",2017-05-17,56,56,0,50,0,10,-12,D#/E♭,3,6me7F0aaZjwDo6RJ5MrfBD,"Richy Mitch & The Coal Miners",SEYOK1732035
162,"September","Sparky Deathcap",140,4B,33,2024-02-17,03:09,61,"","","September",2009-00-00,59,90,0,50,0,10,-11,G#/A♭,3,0xahPNJVFHGMEFxu9kergk,"RCA Records Label",GBARL2300119
163,"K.","Cigarettes After Sex",94,5B,40,2024-02-17,05:20,7,"dream pop","","Cigarettes After Sex",2017-06-09,45,14,84,32,0,10,-10,D#/E♭,4,1FWsomP9StpCcXNWmJk8Cl,"Partisan Records",USBQU1600214
164,"Sunsetz","Cigarettes After Sex",75,8A,48,2024-02-17,03:35,7,"dream pop","","Cigarettes After Sex",2017-06-09,41,6,81,13,0,10,-9,A minor,4,0SpkyS1Q4MD8GaVcP5YjT4,"Partisan Records",USBQU1700033
165,"Motion Picture Soundtrack","Cigarettes After Sex",96,7B,46,2024-02-17,04:59,40,"dream pop","","Motion Picture Soundtrack",2023-12-12,44,47,95,20,0,10,-11,F,4,6XqXHUC9HUQxUL8u0aZ6ME,"Liberator Music / Partisan Records",USBQU2300384
166,"Nothing's Gonna Hurt You Baby","Cigarettes After Sex",97,12B,33,2024-02-17,04:46,4,"dream pop","","I.",2012-07-21,50,26,15,9,0,10,-14,E,4,7cs7MLtAWvsdf3w5kBvfK2,"Spanish Prayers",TCACJ1593857
167,"Neon Moon","Cigarettes After Sex",181,12B,49,2024-02-17,03:45,11,"dream pop","","Neon Moon",2018-12-17,27,10,9,28,0,10,-11,E,4,7nbAMKGkPMjc4EuNNsjXqZ,"Spanish Prayers",QZFM41800001
168,"From Gold","Novo Amor",100,7B,43,2024-02-18,03:34,65,"ambient folk","","Woodgate, NY",2014-03-31,39,92,65,4,0,0,-13,F,4,3ePd4K8tcdfr7KmbuOTrKK,"AllPoints",TCABS1304014
169,"Haven (from Life Is Strange)","Novo Amor",111,12B,26,2024-02-22,02:52,60,"ambient folk","","Haven (from Life Is Strange)",2021-03-18,56,80,2,22,0,0,-12,E,4,0bndF6tTweNXPjwpPL7Slt,"AllPoints",GB45A2002291
170,"I hope that you think of me","Pity Party (Girls Club), Lucys",105,5B,46,2024-02-22,02:08,62,"bedroom pop","","Hard Times / Bad Trips",2022-01-02,85,6,0,65,0,10,-10,D#/E♭,4,42LY6qYxu3L6nJ7Dt72gNy,"PPGC, under exclusive license to Amuseio AB",SEYOK2055083
171,"ghost of love to be","Joe Jenneman",152,5B,39,2024-02-25,02:41,21,"","","ghost of love to be",2024-02-23,55,65,0,65,0,0,-8,D#/E♭,4,2Ov9D3hZebRBXjZI91VIRq,"Joe Jenneman",QZDA62445591
172,"For Emma","Bon Iver",111,9A,61,2024-02-27,03:40,71,"","","For Emma, Forever Ago",2008-02-19,67,49,18,57,0,10,-11,E minor,4,2nilAlGEZmwyaLTMMyDdLo,"Jagjaguwar",US38Y0811508
173,"Not Allowed","TV Girl",105,3B,91,2024-03-02,02:47,85,"","","Who Really Cares",2016-02-25,67,67,0,56,10,30,-7,C♯/D♭,4,3IznIgmXtrUaoPWpQTy5jB,"TV Girl",USCGH1682131
174,"Space Song","Beach House",147,5A,79,2024-03-16,05:20,60,"dream pop","","Depression Cherry",2015-08-28,51,21,11,62,0,10,-7,C minor,4,3CLhX1JkJZ4s5umNnOqCRh,"Mistletone",AUVB01500013
175,"Master of None","Beach House",86,7B,34,2024-03-16,03:19,79,"dream pop","","Beach House",2006-10-03,49,67,53,25,0,0,-15,F,4,3stWWPN41byqp8loPdy92u,"Lemon Glow Records",US22N0503504
176,"Do You Feel The Same?","Sunset Avenue",171,10B,81,2024-03-17,02:46,0,"","","Do You Feel The Same?",2024-03-12,47,1,0,78,0,20,-6,D,4,47Jgz11GAfCBXdIQnsqGt6,"Sunset Avenue",QZDA52446245
177,"What Once Was","Her's",146,2A,88,2024-03-31,04:15,78,"indie","","Songs of Her's",2017-05-12,53,17,1,44,0,20,-4,D#/E♭ minor,3,1XrSjpNe49IiygZfzb74pk,"Heist Or Hit Records",GBYEJ1100223
178,"Chateau (Feel Alright)","Djo",135,9B,37,2024-03-31,04:32,73,"","","Twenty Twenty",2019-09-13,64,43,0,34,0,30,-12,G,4,3vjs2MDHoF9xhylNg6Y9un,"Djo",GBKPL1959342
179,"Make It with You","Bread",84,12B,36,2024-04-08,03:12,74,"soft rock, yacht rock","","On the Waters",1970-00-00,63,66,0,47,0,10,-11,E,4,7wWw7hBmErNg9u5w6Xx0vy,"Rhino/Elektra",USEE10180854
180,"That Moon Song","Gregory Alan Isakov",145,10B,39,2024-04-09,03:34,60,"indie folk, folk, folk pop","","This Empty Northern Hemisphere",2009-01-01,26,65,10,27,0,10,-13,D,3,3lw0CSMQ88LcN0ZMP6DlWi,"Suitcase Town Music",uscgj0988298
181,"Weather","Novo Amor",144,2B,24,2024-04-09,03:52,0,"ambient folk","","Woodgate, NY",2014-03-31,53,94,4,11,0,10,-14,F#/G♭,4,7N0osVtma3QzvMOfVbdSL8,"Brilliance",NOCTN1420020
182,"Flume","Bon Iver",133,1B,14,2024-04-09,03:39,0,"","","For Emma, Forever Ago",2008-02-19,44,93,3,9,0,10,-17,B,4,7xDydFFgyOYit7yAUsRhrI,"Jagjaguwar",US38Y0811501
183,"Love Like Ghosts","Lord Huron",137,11B,55,2024-04-09,03:44,42,"","","Strange Trails",2015-04-06,48,77,0,18,0,10,-7,A,4,1Xca9HfuG65IL3ogdnNfTv,"Play It Again Sam",US53Q1200090
184,"Next to You","John Vincent III",132,9B,42,2024-04-09,04:16,66,"","","Songs from the Valley",2019-06-17,44,63,0,7,0,40,-8,G,4,3MwHZDGwAR8RjZZBriBqmx,"John Vincent III",QM24S1822316
185,"National Anthem","Lana Del Rey",85,5A,90,2024-04-09,03:50,69,"","","Born To Die - The Paradise Edition",2012-01-01,53,53,0,44,20,10,-6,C minor,4,7cNz65PfCatRXoX7QtqM2A,"Polydor Records",GBUM71111567
186,"wonka","Derek Simpson",118,5B,25,2024-04-16,03:46,0,"","","wonka",2024-04-05,44,83,2,29,0,10,-12,D#/E♭,3,3eDCkz2eZ4CSATHOMrIl7U,"Trailing Twelve",QM24S2401049
187,"Daughter of a Cop","TV Girl",103,9B,79,2024-04-16,02:33,64,"","","French Exit",2014-06-05,72,29,80,96,0,10,-7,G,4,5cct9ToyRPLyfELg3JfWqx,"TV Girl",USHM21438142
188,"Amsterdam","Gregory Alan Isakov",152,5B,43,2024-04-18,03:18,72,"indie folk, folk, folk pop","","The Weatherman",2013-07-09,55,92,14,53,0,10,-13,D#/E♭,3,7iQmjnDXYngWGsbjVnDc1U,"Suitcase Town Music",uscgj1396460
189,"San Luis","Gregory Alan Isakov",82,6A,43,2024-05-25,04:32,1,"indie folk, folk, folk pop","","Evening Machines",2018-10-05,57,86,26,25,0,10,-13,G minor,4,7gDNQLV9cr8449LFrQbk5J,"Suitcase Town Music under exclusive license to Dualtone Music Group, Inc.",USDMG1888302
190,"Out Getting Ribs","Feeling Blew",59,10B,7,2024-05-26,03:12,60,"","","Out Getting Ribs",2023-08-28,50,95,90,19,0,10,-22,D,4,29RVgDaIL6YbihkzJxxi8B,"4570779 Records DK",QZTAT2386123
191,"House Song","Searows",79,10B,13,2024-05-26,04:54,0,"","","House Song",2023-02-03,29,89,14,12,0,10,-19,D,4,1kr0XkYcWe2HTuCFN3BuGA,"Searows",QZFZ62347776
192,"Second Chances","Gregory Alan Isakov",154,12B,33,2024-06-04,03:49,68,"indie folk, folk, folk pop","","The Weatherman",2013-07-09,38,95,9,21,0,10,-10,E,3,6Wu19AEKVNs5bJFuhZb4EZ,"Suitcase Town Music",uscgj1396462
193,"This Empty Northern Hemisphere","Gregory Alan Isakov",94,7B,33,2024-06-04,05:00,47,"indie folk, folk, folk pop","","This Empty Northern Hemisphere",2009-01-01,37,70,1,9,0,10,-13,F,4,5FY6QpvB4NDI14MCx5T9xi,"Suitcase Town Music",uscgj0988303
194,"Knives Out","Radiohead",137,7A,68,2024-06-04,04:14,64,"art rock, alternative rock","","Amnesiac",2001-03-12,43,9,29,18,0,10,-7,D minor,4,521OhfIeThXJKiTyz0m883,"XL Recordings",GBAYE0001582
195,"Marceline","WILLOW",130,11B,45,2024-06-07,02:16,52,"","","ARDIPITHECUS",2015-01-11,69,25,0,23,10,10,-7,A,4,0RCpze7hmowZIGUJs9Dm7w,"Roc Nation W Smith P&D",QMJMT1500797
196,"Female Energy, Part 2","WILLOW",120,9A,39,2024-06-07,02:53,57,"","","WILLOW",2019-07-19,54,1,0,36,0,10,-8,E minor,3,0W95eMaAxNVYTquOsXXkC5,"MSFTSMusic / Roc Nation Records",QMJMT1902284
197,"Baby Blue Movie","Cigarettes After Sex",105,4B,62,2024-06-08,04:04,31,"dream pop","","Baby Blue Movie",2024-06-04,60,34,80,54,0,10,-9,G#/A♭,4,2VPOu7gDkg5JdslVEgkyDW,"Liberator Music / Partisan Records",USBQU2400007
198,"The Deepest Sighs, the Frankest Shadows","Gang of Youths",152,8B,81,2024-06-08,05:51,49,"","","Go Farther In Lightness",2017-08-18,36,6,1,14,0,10,-6,C,4,5Q5o0jX8RwrHRdLYQkg6BA,"Mosy Music",AUBM01700509
199,"Wondering Why","The Red Clay Strays",149,12B,21,2024-06-10,03:52,83,"country","","Moment of Truth",2022-04-29,52,85,0,35,0,10,-12,E,3,1HbzxLqpNVPdiBXvpC7Ovb,"Red Clay Strays",QZTVM2120626
200,"You Found Me","The Fray",152,1A,80,2024-07-01,04:01,78,"","","The Fray",2009-02-02,34,2,0,40,0,10,-5,G#/A♭ minor,4,4IoYz8XqqdowINzfRrFnhi,"Epic",USSM10803009
201,"El Dorado","SPACE&AGES",83,11B,78,2024-07-01,04:24,18,"","","El Dorado",2024-06-14,21,0,1,8,0,10,-6,A,3,47hEgn3RPs9O0v5eHkCiRe,"SPACE&AGES",AUMEV2461874
202,"Change It Up","Sunset Avenue",138,10B,66,2024-07-02,02:49,0,"","","Change It Up",2023-06-01,62,0,0,64,0,20,-5,D,4,7kauYbMocWz1YTtuN0ilUq,"Sunset Avenue",QZK6Q2364670
203,"Army Dreamers","Kate Bush",144,9A,7,2024-07-12,02:58,72,"art pop, baroque pop, art rock","","Never for Ever",1980-09-08,68,74,0,32,0,0,-22,E minor,3,6OmdWLjlx4BIDGEO8BZlqH,"Parlophone UK",GBAYE8000334
204,"White Mustang","Lana Del Rey",115,11A,46,2024-07-12,02:44,78,"","","Lust For Life",2017-07-21,66,46,0,22,0,10,-9,F#/G♭ minor,4,6eygbzyL6hY8jFQTARDuo9,"Polydor Records",GBUM71702622
205,"Call It Fate, Call It Karma","The Strokes",109,9A,24,2024-09-03,03:24,72,"garage rock, indie rock, alternative rock","","Comedown Machine",2013-03-25,54,98,77,36,0,10,-15,E minor,4,3Y4rUyw7XBCK6hGHCOt6rp,"RCA Records Label",USRC11300085
206,"Juna","Clairo",142,5B,71,2024-09-11,03:15,79,"bedroom pop","","Charm",2024-07-12,61,24,10,45,0,10,-6,D#/E♭,4,2mWfVxEo4xZYDaz0v7hYrN,"Clairo",USA2P2416229
207,"Malibu 1992","COIN",147,2B,32,2024-09-26,05:41,56,"","","How Will You Know If You Never Try",2017-04-21,56,6,13,50,0,10,-8,F#/G♭,4,0nMqu5vN44GNv8UOQxmBJK,"StarTime International/Columbia",USSM11701133
208,"Loving Machine","TV Girl",90,8B,69,2024-09-26,03:47,82,"","","Who Really Cares",2016-02-25,58,57,2,92,0,20,-10,C,4,7JEzAlwHhCD2M1cYE6BeqJ,"TV Girl",USCGH1682135
209,"Well I Wonder - 2011 Remaster","The Smiths",127,10A,59,2024-10-23,03:59,70,"new wave, madchester, jangle pop","","Meat Is Murder",1985-02-11,64,8,1,82,0,10,-11,B minor,4,3OS4XXm4S42pnESQmtN9MG,"WM UK",GBCRL1100043
210,"Knives Out","Radiohead",137,7A,68,2024-10-23,04:14,0,"art rock, alternative rock","","Amnesiac",2001-03-12,43,9,29,18,0,10,-7,D minor,4,2xbrMtkxp399aSiCJ8EAON,"XL Recordings",GBAYE0001582
211,"80's Comedown Machine","The Strokes",144,8B,50,2024-10-23,04:58,58,"garage rock, indie rock, alternative rock","","Comedown Machine",2013-03-25,49,1,81,38,0,10,-9,C,4,2lffRiAET2Xt6BNb4EmkS2,"RCA Records Label",USRC11300079
212,"Good Song","Blur",169,7B,49,2024-10-23,03:07,51,"britpop, madchester, alternative rock","","Think Tank (Special Edition)",2003-00-00,65,21,54,72,0,10,-9,F,4,75WFyYrXPMAWyN6jOBB7IC,"Parlophone UK",GBAYE0202066
213,"Miss Addison","Joe Jenneman",103,3B,31,2025-01-27,01:59,29,"","","Miss Addison",2025-01-17,64,85,0,30,0,10,-9,C♯/D♭,4,6YLNIJYl5jgX6Dl4FxkC0j,"Joe Jenneman",AUMGB2401901
214,"Do I Wanna Know? - BBC Live Lounge","Hozier",137,9B,20,2025-01-30,04:17,76,"","","Hozier (Special Edition)",2014-09-19,50,89,0,21,0,10,-11,G,4,32btQnrL0HR6M1KKAPf3D3,"Columbia",GBCAD1500308
215,"Fade Into You","Mazzy Star",157,11B,33,2025-02-22,04:55,87,"dream pop, shoegaze, slowcore","","So Tonight That I Might See",1993-10-05,42,25,0,18,0,0,-14,A,3,1LzNfuep1bnAUR9skqdHCK,"Capitol Records",USCA29300105
216,"Sweet Heat Lightning","Gregory Alan Isakov",66,8B,21,2025-02-22,04:46,78,"indie folk, folk, folk pop","","Appaloosa Bones",2023-08-18,57,91,39,14,0,10,-15,C,4,7gSZkeBr9Koc9Rfm3pp769,"Dualtone Music Group",USDMG2355410
217,"Words","Gregory Alan Isakov",118,3B,14,2025-02-22,04:01,60,"indie folk, folk, folk pop","","This Empty Northern Hemisphere",2009-01-01,45,93,3,11,0,10,-18,C♯/D♭,3,01Dc5vTMc9axpkvDUy0yiD,"Suitcase Town Music",uscgj0988305
218,"I Am California","John Craigie, Gregory Alan Isakov",118,5B,17,2025-02-22,05:13,54,"indie folk, folk, folk pop","","No Rain, No Rose",2017-01-27,46,24,0,19,0,10,-10,D#/E♭,3,27ytYULTu6QSZBhGaOKq9i,"Zabriskie Point Records",QM9A91606536
219,"Towers","Bon Iver",92,11B,33,2025-02-22,03:08,58,"","","Bon Iver, Bon Iver",2011-06-21,38,95,71,13,0,20,-12,A,4,7CIKMtUUz31yX6MNX2nGbB,"Jagjaguwar",US38Y1113504
220,"Champagne Coast","Blood Orange",123,11B,41,2025-08-12,04:52,80,"art pop","","Coastal Grooves",2011-08-08,81,2,39,76,0,0,-13,A,4,0AIpGG5dxEgnAymhdJRSZ0,"Domino Recording Co",GBCEL1100251
221,"Feels Like We Only Go Backwards","Tame Impala",150,7A,90,2025-10-06,03:12,78,"neo-psychedelic, indie","Rock","Lonerism",2012-01-01,30,3,64,49,0,10,-2,D minor,4,0LtOwyZoSNZKJWHqjzADpW,"Modular",AUUM71200493
222,"Looking Back","Lord Huron",117,7A,60,2025-11-09,03:55,53,"","","The Cosmic Selector Vol. 1",2025-07-18,44,61,89,31,0,30,-10,D minor,4,67f5bACaW6oE8JlktoQzDm,"Mercury Records/Lord Huron",USUG12503403
223,"Nothing I Need","Lord Huron",112,9B,76,2025-11-09,03:33,59,"","","The Cosmic Selector Vol. 1",2025-07-18,56,16,88,45,0,10,-6,G,4,0TPS1dKI4m27xCxm7jF7SU,"Mercury Records/Lord Huron",USUG12502215
224,"Like Real People Do","Hozier",140,9B,18,2025-11-09,03:18,74,"","","Hozier (Expanded Edition)",2014-09-19,54,92,39,14,0,10,-14,G,3,57V4uc2b2diZ4RPHXWecb9,"Columbia",USSM11307292
225,"Myth","Beach House",142,5B,72,2025-11-09,04:18,49,"dream pop","","Bloom",2012-05-11,45,3,5,43,0,0,-6,D#/E♭,4,5bNrxsBY7GaovXZ8gfbLfn,"Mistletone",AUVB01200001
226,"Yes I'm Changing","Tame Impala",180,8B,61,2025-11-09,04:30,76,"neo-psychedelic, indie","Rock","Currents",2015-07-17,37,11,0,35,0,0,-7,C,4,0xtIp0lgccN85GfGOekS5L,"Universal Music Australia Pty. Ltd.",AUUM71500295
227,"Let The Light In (feat. Father John Misty)","Lana Del Rey, Father John Misty",132,11B,44,2025-11-09,04:38,78,"","","Did you know that there's a tunnel under Ocean Blvd",2023-03-24,34,39,0,20,0,10,-10,A,4,4qG7hWhljsqqENL5PaLA2z,"Polydor Records",GBUM72206754
228,"Symphonia IX","Current Joys",99,8B,39,2025-11-09,03:01,76,"lo-fi indie","","Wild Heart",2013-01-02,57,90,76,14,0,30,-12,C,4,1rluwEqsWp5tz0lgyOT9rE,"Current Joys",TCACS1661027
229,"Velvet Ring - 2023 Remaster","Big Thief",139,8B,40,2025-11-09,02:35,77,"","","Masterpiece (2023 Remaster)",2016-00-00,32,44,1,28,0,10,-12,C,4,3oBNQdDbNrs8wQbcZ3BXwP,"4AD",GBAFL2300467
230,"Better in the Dark","Jordana, TV Girl",90,11B,64,2025-11-09,02:35,82,"","","Summer's Over",2021-10-13,68,28,0,70,0,60,-7,A,4,3SeDS5sSoWnwAZvVgkdKzf,"Summer's Over",QM5BK1900509
231,"Touch","Cigarettes After Sex",96,2B,50,2025-11-09,04:52,53,"dream pop","","Cry",2019-10-25,48,37,92,37,0,10,-9,F#/G♭,4,1l4pW7Tklvcc3k38rDFMkk,"Partisan Records",USBQU1900116
232,"Wuthering Heights","Kate Bush",125,3B,39,2026-03-07,04:29,78,"art pop, baroque pop, art rock","","The Kick Inside",1978-02-17,48,37,5,52,0,10,-11,C♯/D♭,4,5YSI1311X8t31PBjkBG4CZ,"Parlophone UK",GBAYE7700223
233,"A Different Age","Current Joys",144,10B,37,2026-03-17,06:52,63,"lo-fi indie","","A Different Age",2018-03-02,63,64,7,36,0,0,-11,D,4,51NRDcy5WEdfda6HC09QaD,"Current Joys",QMBZ91743923
234,"Need 2","Pinegrove",77,12A,63,2026-03-17,03:11,77,"midwest emo","","Everything So Far",2015-10-15,55,1,20,21,0,0,-8,C♯/D♭ minor,4,1BDRKVuooLvqayamtAEV4z,"Pinegrove",TCACJ1513588